{
  "x": 20,
  "y": 204,
  "w": 2128,
  "h": 828,
  "x1": 20,
  "y1": 204,
  "x2": 2148,
  "y2": 1032,
  "x_norm": 0.008904719501335707,
  "y_norm": 0.11888111888111888,
  "w_norm": 0.9474621549421193,
  "h_norm": 0.4825174825174825,
  "frame_w": 2246,
  "frame_h": 1716
}